{"cameraMode":{"drawMode":0,"name":"Shaded","section":"Shading Mode"},"sceneLighting":true,"audioPlay":false,"sceneViewState":{"showFog":true,"showMaterialUpdate":true,"showSkybox":true,"showFlares":true,"showImageEffects":true,"showParticleSystems":true},"in2DMode":false,"pivot":{"x":3.704209327697754,"y":1.3538918495178223,"z":3.007845878601074},"rotation":{"x":0.13067753612995149,"y":-0.8587433099746704,"z":0.4151751697063446,"w":0.2704920768737793},"size":23.044343948364259,"orthographic":false}